
delete from Address;
delete from Application;
delete from Certifications_financials;
delete from Company_information;
delete from Company_sector;
delete from Company_subsector;
delete from Country;
delete from Customer; 
delete from Cyber_security_clearence;
delete from Cyber_security_questions;
delete from Foreign_associates;
delete from Funding;
delete from Imported_materials;
delete from Investors;
delete from Material; 
delete from Naics_codes;
delete from Negative_regulatory_actions;
delete from Patents;
delete from Revenue;
delete from Sectors;
delete from States;
delete from Subsectors;

ALTER Table Foreign_associates DROP COLUMN Type_Foreign;
describe Foreign_associates;
ALTER Table Foreign_associates ADD COLUMN Type_Foreign varchar(25);
ALTER Table Foreign_associates ADD COLUMN Type_Foreign22 bigint(11) Default "12121212";
ALTER Table Foreign_associates ADD Constraint Foreign_Associates_FK3 FOREIGN KEY (Type_Foreign22) REFERENCES States(State_ID);
ALTER Table Foreign_associates Drop Constraint Foreign_Associates_FK3;
ALTER Table Foreign_associates DROP COLUMN Type_Foreign22;

insert into States (Abbreviation,Name) values ('AL','Alabama');
insert into States (Abbreviation,Name) values ('AK','Alaska');
insert into States (Abbreviation,Name) values ('AS','American Samoa');
insert into States (Abbreviation,Name) values ('AZ','Arizona');
insert into States (Abbreviation,Name) values ('AR','Arkansas');
insert into States (Abbreviation,Name) values ('CA','California');
insert into States (Abbreviation,Name) values ('CO','Colorado');
insert into States (Abbreviation,Name) values ('CT','Connecticut');
insert into States (Abbreviation,Name) values ('DE','Delaware');
insert into States (Abbreviation,Name) values ('DC','District of Columbia');
insert into States (Abbreviation,Name) values ('FM','Federated States of Micronesia');
insert into States (Abbreviation,Name) values ('FL','Florida');
insert into States (Abbreviation,Name) values ('GA','Georgia');
insert into States (Abbreviation,Name) values ('GU','Guam');
insert into States (Abbreviation,Name) values ('HI','Hawaii');
insert into States (Abbreviation,Name) values ('ID','Idaho');
insert into States (Abbreviation,Name) values ('IL','Illinois');
insert into States (Abbreviation,Name) values ('IN','Indiana');
insert into States (Abbreviation,Name) values ('IA','Iowa');
insert into States (Abbreviation,Name) values ('KS','Kansas');
insert into States (Abbreviation,Name) values ('KY','Kentucky');
insert into States (Abbreviation,Name) values ('LA','Louisiana');
insert into States (Abbreviation,Name) values ('ME','Maine');
insert into States (Abbreviation,Name) values ('MH','Marshall Islands');
insert into States (Abbreviation,Name) values ('MD','Maryland');
insert into States (Abbreviation,Name) values ('MA','Massachusetts');
insert into States (Abbreviation,Name) values ('MI','Michigan');
insert into States (Abbreviation,Name) values ('MN','Minnesota');
insert into States (Abbreviation,Name) values ('MS','Mississippi');
insert into States (Abbreviation,Name) values ('MO','Missouri');
insert into States (Abbreviation,Name) values ('MT','Montana');
insert into States (Abbreviation,Name) values ('NE','Nebraska');
insert into States (Abbreviation,Name) values ('NV','Nevada');
insert into States (Abbreviation,Name) values ('NH','New Hampshire');
insert into States (Abbreviation,Name) values ('NJ','New Jersey');
insert into States (Abbreviation,Name) values ('NM','New Mexico');
insert into States (Abbreviation,Name) values ('NY','New York');
insert into States (Abbreviation,Name) values ('NC','North Carolina');
insert into States (Abbreviation,Name) values ('ND','North Dakota');
insert into States (Abbreviation,Name) values ('MP','Northern Mariana Islands');
insert into States (Abbreviation,Name) values ('OH','Ohio');
insert into States (Abbreviation,Name) values ('OK','Oklahoma');
insert into States (Abbreviation,Name) values ('OR','Oregon');
insert into States (Abbreviation,Name) values ('PW','Palau');
insert into States (Abbreviation,Name) values ('PA','Pennsylvania');
insert into States (Abbreviation,Name) values ('PR','Puerto Rico');
insert into States (Abbreviation,Name) values ('RI','Rhode Island');
insert into States (Abbreviation,Name) values ('SC','South Carolina');
insert into States (Abbreviation,Name) values ('SD','South Dakota');
insert into States (Abbreviation,Name) values ('TN','Tennessee');
insert into States (Abbreviation,Name) values ('TX','Texas');
insert into States (Abbreviation,Name) values ('UT','Utah');
insert into States (Abbreviation,Name) values ('VT','Vermont');
insert into States (Abbreviation,Name) values ('VI','Virgin Islands');
insert into States (Abbreviation,Name) values ('VA','Virginia');
insert into States (Abbreviation,Name) values ('WA','Washington');
insert into States (Abbreviation,Name) values ('WV','West Virginia');
insert into States (Abbreviation,Name) values ('WI','Wisconsin');
insert into States (Abbreviation,Name) values ('WY','Wyoming');

INSERT INTO Country(Abbreviation, Name, Concern_or_not) VALUES ('AF', 'Afghanistan', FALSE );
INSERT INTO Country(Abbreviation, Name, Concern_or_not) VALUES ('AL', 'Albania', FALSE );
INSERT INTO Country(Abbreviation, Name, Concern_or_not) VALUES ('DZ', 'Algeria', FALSE );
INSERT INTO Country(Abbreviation, Name, Concern_or_not) VALUES ('DS', 'American Samoa', FALSE );
INSERT INTO Country(Abbreviation, Name, Concern_or_not) VALUES ('AD', 'Andorra', FALSE );
INSERT INTO Country(Abbreviation, Name, Concern_or_not) VALUES ('AO', 'Angola', FALSE );
INSERT INTO Country(Abbreviation, Name, Concern_or_not) VALUES ('AI', 'Anguilla', FALSE );
INSERT INTO Country(Abbreviation, Name, Concern_or_not) VALUES ('AQ', 'Antarctica', FALSE );
INSERT INTO Country(Abbreviation, Name, Concern_or_not) VALUES ('AG', 'Antigua and Barbuda', FALSE );
INSERT INTO Country(Abbreviation, Name, Concern_or_not) VALUES ('AR', 'Argentina', FALSE );
INSERT INTO Country(Abbreviation, Name, Concern_or_not) VALUES ('AM', 'Armenia', FALSE );
INSERT INTO Country(Abbreviation, Name, Concern_or_not) VALUES ('AW', 'Aruba', FALSE );
INSERT INTO Country(Abbreviation, Name, Concern_or_not) VALUES ('AU', 'Australia', FALSE );
INSERT INTO Country(Abbreviation, Name, Concern_or_not) VALUES ('AT', 'Austria', FALSE );
INSERT INTO Country(Abbreviation, Name, Concern_or_not) VALUES ('AZ', 'Azerbaijan', FALSE );
INSERT INTO Country(Abbreviation, Name, Concern_or_not) VALUES ('BS', 'Bahamas', FALSE );
INSERT INTO Country(Abbreviation, Name, Concern_or_not) VALUES ('BH', 'Bahrain', FALSE );
INSERT INTO Country(Abbreviation, Name, Concern_or_not) VALUES ('BD', 'Bangladesh', FALSE );
INSERT INTO Country(Abbreviation, Name, Concern_or_not) VALUES ('BB', 'Barbados', FALSE );
INSERT INTO Country(Abbreviation, Name, Concern_or_not) VALUES ('BY', 'Belarus', FALSE );
INSERT INTO Country(Abbreviation, Name, Concern_or_not) VALUES ('BE', 'Belgium', FALSE );
INSERT INTO Country(Abbreviation, Name, Concern_or_not) VALUES ('BZ', 'Belize', FALSE );
INSERT INTO Country(Abbreviation, Name, Concern_or_not) VALUES ('BJ', 'Benin', FALSE );
INSERT INTO Country(Abbreviation, Name, Concern_or_not) VALUES ('BM', 'Bermuda', FALSE );
INSERT INTO Country(Abbreviation, Name, Concern_or_not) VALUES ('BT', 'Bhutan', FALSE );
INSERT INTO Country(Abbreviation, Name, Concern_or_not) VALUES ('BO', 'Bolivia', FALSE );
INSERT INTO Country(Abbreviation, Name, Concern_or_not) VALUES ('BA', 'Bosnia and Herzegovina', FALSE );
INSERT INTO Country(Abbreviation, Name, Concern_or_not) VALUES ('BW', 'Botswana', FALSE );
INSERT INTO Country(Abbreviation, Name, Concern_or_not) VALUES ('BV', 'Bouvet Island', FALSE );
INSERT INTO Country(Abbreviation, Name, Concern_or_not) VALUES ('BR', 'Brazil', FALSE );
INSERT INTO Country(Abbreviation, Name, Concern_or_not) VALUES ('IO', 'British Indian Ocean Territory', FALSE );
INSERT INTO Country(Abbreviation, Name, Concern_or_not) VALUES ('BN', 'Brunei Darussalam', FALSE );
INSERT INTO Country(Abbreviation, Name, Concern_or_not) VALUES ('BG', 'Bulgaria', FALSE );
INSERT INTO Country(Abbreviation, Name, Concern_or_not) VALUES ('BF', 'Burkina Faso', FALSE );
INSERT INTO Country(Abbreviation, Name, Concern_or_not) VALUES ('BI', 'Burundi', FALSE );
INSERT INTO Country(Abbreviation, Name, Concern_or_not) VALUES ('KH', 'Cambodia', FALSE );
INSERT INTO Country(Abbreviation, Name, Concern_or_not) VALUES ('CM', 'Cameroon', FALSE );
INSERT INTO Country(Abbreviation, Name, Concern_or_not) VALUES ('CA', 'Canada', FALSE );
INSERT INTO Country(Abbreviation, Name, Concern_or_not) VALUES ('CV', 'Cape Verde', FALSE );
INSERT INTO Country(Abbreviation, Name, Concern_or_not) VALUES ('KY', 'Cayman Islands', FALSE );
INSERT INTO Country(Abbreviation, Name, Concern_or_not) VALUES ('CF', 'Central African Republic', FALSE );
INSERT INTO Country(Abbreviation, Name, Concern_or_not) VALUES ('TD', 'Chad', FALSE );
INSERT INTO Country(Abbreviation, Name, Concern_or_not) VALUES ('CL', 'Chile', FALSE );
INSERT INTO Country(Abbreviation, Name, Concern_or_not) VALUES ('CN', 'China', FALSE );
INSERT INTO Country(Abbreviation, Name, Concern_or_not) VALUES ('CX', 'Christmas Island', FALSE );
INSERT INTO Country(Abbreviation, Name, Concern_or_not) VALUES ('CC', 'Cocos (Keeling) Islands', FALSE );
INSERT INTO Country(Abbreviation, Name, Concern_or_not) VALUES ('CO', 'Colombia', FALSE );
INSERT INTO Country(Abbreviation, Name, Concern_or_not) VALUES ('KM', 'Comoros', FALSE );
INSERT INTO Country(Abbreviation, Name, Concern_or_not) VALUES ('CD', 'Democratic Republic of the Congo', FALSE );
INSERT INTO Country(Abbreviation, Name, Concern_or_not) VALUES ('CG', 'Republic of Congo', FALSE );
INSERT INTO Country(Abbreviation, Name, Concern_or_not) VALUES ('CK', 'Cook Islands', FALSE );
INSERT INTO Country(Abbreviation, Name, Concern_or_not) VALUES ('CR', 'Costa Rica', FALSE );
INSERT INTO Country(Abbreviation, Name, Concern_or_not) VALUES ('HR', 'Croatia (Hrvatska)', FALSE );
INSERT INTO Country(Abbreviation, Name, Concern_or_not) VALUES ('CU', 'Cuba', FALSE );
INSERT INTO Country(Abbreviation, Name, Concern_or_not) VALUES ('CY', 'Cyprus', FALSE );
INSERT INTO Country(Abbreviation, Name, Concern_or_not) VALUES ('CZ', 'Czech Republic', FALSE );
INSERT INTO Country(Abbreviation, Name, Concern_or_not) VALUES ('DK', 'Denmark', FALSE );
INSERT INTO Country(Abbreviation, Name, Concern_or_not) VALUES ('DJ', 'Djibouti', FALSE );
INSERT INTO Country(Abbreviation, Name, Concern_or_not) VALUES ('DM', 'Dominica', FALSE );
INSERT INTO Country(Abbreviation, Name, Concern_or_not) VALUES ('DO', 'Dominican Republic', FALSE );
INSERT INTO Country(Abbreviation, Name, Concern_or_not) VALUES ('TP', 'East Timor', FALSE );
INSERT INTO Country(Abbreviation, Name, Concern_or_not) VALUES ('EC', 'Ecuador', FALSE );
INSERT INTO Country(Abbreviation, Name, Concern_or_not) VALUES ('EG', 'Egypt', FALSE );
INSERT INTO Country(Abbreviation, Name, Concern_or_not) VALUES ('SV', 'El Salvador', FALSE );
INSERT INTO Country(Abbreviation, Name, Concern_or_not) VALUES ('GQ', 'Equatorial Guinea', FALSE );
INSERT INTO Country(Abbreviation, Name, Concern_or_not) VALUES ('ER', 'Eritrea', FALSE );
INSERT INTO Country(Abbreviation, Name, Concern_or_not) VALUES ('EE', 'Estonia', FALSE );
INSERT INTO Country(Abbreviation, Name, Concern_or_not) VALUES ('ET', 'Ethiopia', FALSE );
INSERT INTO Country(Abbreviation, Name, Concern_or_not) VALUES ('FK', 'Falkland Islands (Malvinas)', FALSE );
INSERT INTO Country(Abbreviation, Name, Concern_or_not) VALUES ('FO', 'Faroe Islands', FALSE );
INSERT INTO Country(Abbreviation, Name, Concern_or_not) VALUES ('FJ', 'Fiji', FALSE );
INSERT INTO Country(Abbreviation, Name, Concern_or_not) VALUES ('FI', 'Finland', FALSE );
INSERT INTO Country(Abbreviation, Name, Concern_or_not) VALUES ('FR', 'France', FALSE );
INSERT INTO Country(Abbreviation, Name, Concern_or_not) VALUES ('FX', 'France, Metropolitan', FALSE );
INSERT INTO Country(Abbreviation, Name, Concern_or_not) VALUES ('GF', 'French Guiana', FALSE );
INSERT INTO Country(Abbreviation, Name, Concern_or_not) VALUES ('PF', 'French Polynesia', FALSE );
INSERT INTO Country(Abbreviation, Name, Concern_or_not) VALUES ('TF', 'French Southern Territories', FALSE );
INSERT INTO Country(Abbreviation, Name, Concern_or_not) VALUES ('GA', 'Gabon', FALSE );
INSERT INTO Country(Abbreviation, Name, Concern_or_not) VALUES ('GM', 'Gambia', FALSE );
INSERT INTO Country(Abbreviation, Name, Concern_or_not) VALUES ('GE', 'Georgia', FALSE );
INSERT INTO Country(Abbreviation, Name, Concern_or_not) VALUES ('DE', 'Germany', FALSE );
INSERT INTO Country(Abbreviation, Name, Concern_or_not) VALUES ('GH', 'Ghana', FALSE );
INSERT INTO Country(Abbreviation, Name, Concern_or_not) VALUES ('GI', 'Gibraltar', FALSE );
INSERT INTO Country(Abbreviation, Name, Concern_or_not) VALUES ('GK', 'Guernsey', FALSE );
INSERT INTO Country(Abbreviation, Name, Concern_or_not) VALUES ('GR', 'Greece', FALSE );
INSERT INTO Country(Abbreviation, Name, Concern_or_not) VALUES ('GL', 'Greenland', FALSE );
INSERT INTO Country(Abbreviation, Name, Concern_or_not) VALUES ('GD', 'Grenada', FALSE );
INSERT INTO Country(Abbreviation, Name, Concern_or_not) VALUES ('GP', 'Guadeloupe', FALSE );
INSERT INTO Country(Abbreviation, Name, Concern_or_not) VALUES ('GU', 'Guam', FALSE );
INSERT INTO Country(Abbreviation, Name, Concern_or_not) VALUES ('GT', 'Guatemala', FALSE );
INSERT INTO Country(Abbreviation, Name, Concern_or_not) VALUES ('GN', 'Guinea', FALSE );
INSERT INTO Country(Abbreviation, Name, Concern_or_not) VALUES ('GW', 'Guinea-Bissau', FALSE );
INSERT INTO Country(Abbreviation, Name, Concern_or_not) VALUES ('GY', 'Guyana', FALSE );
INSERT INTO Country(Abbreviation, Name, Concern_or_not) VALUES ('HT', 'Haiti', FALSE );
INSERT INTO Country(Abbreviation, Name, Concern_or_not) VALUES ('HM', 'Heard and Mc Donald Islands', FALSE );
INSERT INTO Country(Abbreviation, Name, Concern_or_not) VALUES ('HN', 'Honduras', FALSE );
INSERT INTO Country(Abbreviation, Name, Concern_or_not) VALUES ('HU', 'Hungary', FALSE );
INSERT INTO Country(Abbreviation, Name, Concern_or_not) VALUES ('IS', 'Iceland', FALSE );
INSERT INTO Country(Abbreviation, Name, Concern_or_not) VALUES ('IN', 'India', FALSE );
INSERT INTO Country(Abbreviation, Name, Concern_or_not) VALUES ('IM', 'Isle of Man', FALSE );
INSERT INTO Country(Abbreviation, Name, Concern_or_not) VALUES ('ID', 'Indonesia', FALSE );
INSERT INTO Country(Abbreviation, Name, Concern_or_not) VALUES ('IR', 'Iran (Islamic Republic of)', FALSE );
INSERT INTO Country(Abbreviation, Name, Concern_or_not) VALUES ('IQ', 'Iraq', FALSE );
INSERT INTO Country(Abbreviation, Name, Concern_or_not) VALUES ('IE', 'Ireland', FALSE );
INSERT INTO Country(Abbreviation, Name, Concern_or_not) VALUES ('IL', 'Israel', FALSE );
INSERT INTO Country(Abbreviation, Name, Concern_or_not) VALUES ('IT', 'Italy', FALSE );
INSERT INTO Country(Abbreviation, Name, Concern_or_not) VALUES ('CI', 'Ivory Coast', FALSE );
INSERT INTO Country(Abbreviation, Name, Concern_or_not) VALUES ('JE', 'Jersey', FALSE );
INSERT INTO Country(Abbreviation, Name, Concern_or_not) VALUES ('JM', 'Jamaica', FALSE );
INSERT INTO Country(Abbreviation, Name, Concern_or_not) VALUES ('JP', 'Japan', FALSE );
INSERT INTO Country(Abbreviation, Name, Concern_or_not) VALUES ('JO', 'Jordan', FALSE );
INSERT INTO Country(Abbreviation, Name, Concern_or_not) VALUES ('JU', 'Jupiter', TRUE );
INSERT INTO Country(Abbreviation, Name, Concern_or_not) VALUES ('KZ', 'Kazakhstan', FALSE );
INSERT INTO Country(Abbreviation, Name, Concern_or_not) VALUES ('KE', 'Kenya', FALSE );
INSERT INTO Country(Abbreviation, Name, Concern_or_not) VALUES ('KI', 'Kiribati', FALSE );
INSERT INTO Country(Abbreviation, Name, Concern_or_not) VALUES ('KP', 'Korea, Democratic People''s Republic of', FALSE );
INSERT INTO Country(Abbreviation, Name, Concern_or_not) VALUES ('KR', 'Korea, Republic of', FALSE );
INSERT INTO Country(Abbreviation, Name, Concern_or_not) VALUES ('XK', 'Kosovo', FALSE );
INSERT INTO Country(Abbreviation, Name, Concern_or_not) VALUES ('KW', 'Kuwait', FALSE );
INSERT INTO Country(Abbreviation, Name, Concern_or_not) VALUES ('KG', 'Kyrgyzstan', FALSE );
INSERT INTO Country(Abbreviation, Name, Concern_or_not) VALUES ('LA', 'Lao People''s Democratic Republic', FALSE );
INSERT INTO Country(Abbreviation, Name, Concern_or_not) VALUES ('LV', 'Latvia', FALSE );
INSERT INTO Country(Abbreviation, Name, Concern_or_not) VALUES ('LB', 'Lebanon', FALSE );
INSERT INTO Country(Abbreviation, Name, Concern_or_not) VALUES ('LS', 'Lesotho', FALSE );
INSERT INTO Country(Abbreviation, Name, Concern_or_not) VALUES ('LR', 'Liberia', FALSE );
INSERT INTO Country(Abbreviation, Name, Concern_or_not) VALUES ('LY', 'Libyan Arab Jamahiriya', FALSE );
INSERT INTO Country(Abbreviation, Name, Concern_or_not) VALUES ('LI', 'Liechtenstein', FALSE );
INSERT INTO Country(Abbreviation, Name, Concern_or_not) VALUES ('LT', 'Lithuania', FALSE );
INSERT INTO Country(Abbreviation, Name, Concern_or_not) VALUES ('LU', 'Luxembourg', FALSE );
INSERT INTO Country(Abbreviation, Name, Concern_or_not) VALUES ('MA', 'Mars', TRUE );
INSERT INTO Country(Abbreviation, Name, Concern_or_not) VALUES ('MK', 'North Macedonia', FALSE );
INSERT INTO Country(Abbreviation, Name, Concern_or_not) VALUES ('MO', 'Moon', TRUE);
INSERT INTO Country(Abbreviation, Name, Concern_or_not) VALUES ('MW', 'Malawi', FALSE );
INSERT INTO Country(Abbreviation, Name, Concern_or_not) VALUES ('MY', 'Malaysia', FALSE );
INSERT INTO Country(Abbreviation, Name, Concern_or_not) VALUES ('MV', 'Maldives', FALSE );
INSERT INTO Country(Abbreviation, Name, Concern_or_not) VALUES ('ML', 'Mali', FALSE );
INSERT INTO Country(Abbreviation, Name, Concern_or_not) VALUES ('MT', 'Malta', FALSE );
INSERT INTO Country(Abbreviation, Name, Concern_or_not) VALUES ('MH', 'Marshall Islands', FALSE );
INSERT INTO Country(Abbreviation, Name, Concern_or_not) VALUES ('MQ', 'Martinique', FALSE );
INSERT INTO Country(Abbreviation, Name, Concern_or_not) VALUES ('MR', 'Mauritania', FALSE );
INSERT INTO Country(Abbreviation, Name, Concern_or_not) VALUES ('MU', 'Mauritius', FALSE );
INSERT INTO Country(Abbreviation, Name, Concern_or_not) VALUES ('TY', 'Mayotte', FALSE );
INSERT INTO Country(Abbreviation, Name, Concern_or_not) VALUES ('MX', 'Mexico', FALSE );
INSERT INTO Country(Abbreviation, Name, Concern_or_not) VALUES ('FM', 'Micronesia, Federated States of', FALSE );
INSERT INTO Country(Abbreviation, Name, Concern_or_not) VALUES ('MD', 'Moldova, Republic of', FALSE );
INSERT INTO Country(Abbreviation, Name, Concern_or_not) VALUES ('MC', 'Monaco', FALSE );
INSERT INTO Country(Abbreviation, Name, Concern_or_not) VALUES ('MN', 'Mongolia', FALSE );
INSERT INTO Country(Abbreviation, Name, Concern_or_not) VALUES ('ME', 'Montenegro', FALSE );
INSERT INTO Country(Abbreviation, Name, Concern_or_not) VALUES ('MS', 'Montserrat', FALSE );
INSERT INTO Country(Abbreviation, Name, Concern_or_not) VALUES ('MA', 'Morocco', FALSE );
INSERT INTO Country(Abbreviation, Name, Concern_or_not) VALUES ('MZ', 'Mozambique', FALSE );
INSERT INTO Country(Abbreviation, Name, Concern_or_not) VALUES ('MM', 'Myanmar', FALSE );
INSERT INTO Country(Abbreviation, Name, Concern_or_not) VALUES ('NA', 'Namibia', FALSE );
INSERT INTO Country(Abbreviation, Name, Concern_or_not) VALUES ('NR', 'Nauru', FALSE );
INSERT INTO Country(Abbreviation, Name, Concern_or_not) VALUES ('NP', 'Nepal', FALSE );
INSERT INTO Country(Abbreviation, Name, Concern_or_not) VALUES ('NL', 'Netherlands', FALSE );
INSERT INTO Country(Abbreviation, Name, Concern_or_not) VALUES ('AN', 'Netherlands Antilles', FALSE );
INSERT INTO Country(Abbreviation, Name, Concern_or_not) VALUES ('NC', 'New Caledonia', FALSE );
INSERT INTO Country(Abbreviation, Name, Concern_or_not) VALUES ('NZ', 'New Zealand', FALSE );
INSERT INTO Country(Abbreviation, Name, Concern_or_not) VALUES ('NI', 'Nicaragua', FALSE );
INSERT INTO Country(Abbreviation, Name, Concern_or_not) VALUES ('NE', 'Niger', FALSE );
INSERT INTO Country(Abbreviation, Name, Concern_or_not) VALUES ('NG', 'Nigeria', FALSE );
INSERT INTO Country(Abbreviation, Name, Concern_or_not) VALUES ('NU', 'Niue', FALSE );
INSERT INTO Country(Abbreviation, Name, Concern_or_not) VALUES ('NF', 'Norfolk Island', FALSE );
INSERT INTO Country(Abbreviation, Name, Concern_or_not) VALUES ('MP', 'Northern Mariana Islands', FALSE );
INSERT INTO Country(Abbreviation, Name, Concern_or_not) VALUES ('NO', 'Norway', FALSE );
INSERT INTO Country(Abbreviation, Name, Concern_or_not) VALUES ('OM', 'Oman', FALSE );
INSERT INTO Country(Abbreviation, Name, Concern_or_not) VALUES ('PK', 'Pakistan', FALSE );
INSERT INTO Country(Abbreviation, Name, Concern_or_not) VALUES ('PW', 'Palau', FALSE );
INSERT INTO Country(Abbreviation, Name, Concern_or_not) VALUES ('PS', 'Palestine', FALSE );
INSERT INTO Country(Abbreviation, Name, Concern_or_not) VALUES ('PA', 'Panama', FALSE );
INSERT INTO Country(Abbreviation, Name, Concern_or_not) VALUES ('PG', 'Papua New Guinea', FALSE );
INSERT INTO Country(Abbreviation, Name, Concern_or_not) VALUES ('PY', 'Paraguay', FALSE );
INSERT INTO Country(Abbreviation, Name, Concern_or_not) VALUES ('PE', 'Peru', FALSE );
INSERT INTO Country(Abbreviation, Name, Concern_or_not) VALUES ('PH', 'Philippines', FALSE );
INSERT INTO Country(Abbreviation, Name, Concern_or_not) VALUES ('PN', 'Pitcairn', FALSE );
INSERT INTO Country(Abbreviation, Name, Concern_or_not) VALUES ('PL', 'Poland', FALSE );
INSERT INTO Country(Abbreviation, Name, Concern_or_not) VALUES ('PT', 'Portugal', FALSE );
INSERT INTO Country(Abbreviation, Name, Concern_or_not) VALUES ('PR', 'Puerto Rico', FALSE );
INSERT INTO Country(Abbreviation, Name, Concern_or_not) VALUES ('QA', 'Qatar', FALSE );
INSERT INTO Country(Abbreviation, Name, Concern_or_not) VALUES ('RE', 'Reunion', FALSE );
INSERT INTO Country(Abbreviation, Name, Concern_or_not) VALUES ('RO', 'Romania', FALSE );
INSERT INTO Country(Abbreviation, Name, Concern_or_not) VALUES ('RU', 'Russian Federation', FALSE );
INSERT INTO Country(Abbreviation, Name, Concern_or_not) VALUES ('RW', 'Rwanda', FALSE );
INSERT INTO Country(Abbreviation, Name, Concern_or_not) VALUES ('KN', 'Saint Kitts and Nevis', FALSE );
INSERT INTO Country(Abbreviation, Name, Concern_or_not) VALUES ('LC', 'Saint Lucia', FALSE );
INSERT INTO Country(Abbreviation, Name, Concern_or_not) VALUES ('VC', 'Saint Vincent and the Grenadines', FALSE );
INSERT INTO Country(Abbreviation, Name, Concern_or_not) VALUES ('WS', 'Samoa', FALSE );
INSERT INTO Country(Abbreviation, Name, Concern_or_not) VALUES ('SM', 'San Marino', FALSE );
INSERT INTO Country(Abbreviation, Name, Concern_or_not) VALUES ('ST', 'Sao Tome and Principe', FALSE );
INSERT INTO Country(Abbreviation, Name, Concern_or_not) VALUES ('SA', 'Saudi Arabia', FALSE );
INSERT INTO Country(Abbreviation, Name, Concern_or_not) VALUES ('SN', 'Senegal', FALSE );
INSERT INTO Country(Abbreviation, Name, Concern_or_not) VALUES ('RS', 'Serbia', FALSE );
INSERT INTO Country(Abbreviation, Name, Concern_or_not) VALUES ('SC', 'Seychelles', FALSE );
INSERT INTO Country(Abbreviation, Name, Concern_or_not) VALUES ('SL', 'Sierra Leone', FALSE );
INSERT INTO Country(Abbreviation, Name, Concern_or_not) VALUES ('SG', 'Singapore', FALSE );
INSERT INTO Country(Abbreviation, Name, Concern_or_not) VALUES ('SK', 'Slovakia', FALSE );
INSERT INTO Country(Abbreviation, Name, Concern_or_not) VALUES ('SI', 'Slovenia', FALSE );
INSERT INTO Country(Abbreviation, Name, Concern_or_not) VALUES ('SB', 'Solomon Islands', FALSE );
INSERT INTO Country(Abbreviation, Name, Concern_or_not) VALUES ('SO', 'Somalia', FALSE );
INSERT INTO Country(Abbreviation, Name, Concern_or_not) VALUES ('ZA', 'South Africa', FALSE );
INSERT INTO Country(Abbreviation, Name, Concern_or_not) VALUES ('GS', 'South Georgia South Sandwich Islands', FALSE );
INSERT INTO Country(Abbreviation, Name, Concern_or_not) VALUES ('SS', 'South Sudan', FALSE );
INSERT INTO Country(Abbreviation, Name, Concern_or_not) VALUES ('ES', 'Spain', FALSE );
INSERT INTO Country(Abbreviation, Name, Concern_or_not) VALUES ('LK', 'Sri Lanka', FALSE );
INSERT INTO Country(Abbreviation, Name, Concern_or_not) VALUES ('SH', 'St. Helena', FALSE );
INSERT INTO Country(Abbreviation, Name, Concern_or_not) VALUES ('PM', 'St. Pierre and Miquelon', FALSE );
INSERT INTO Country(Abbreviation, Name, Concern_or_not) VALUES ('SD', 'Sudan', FALSE );
INSERT INTO Country(Abbreviation, Name, Concern_or_not) VALUES ('SR', 'Suriname', FALSE );
INSERT INTO Country(Abbreviation, Name, Concern_or_not) VALUES ('SJ', 'Svalbard and Jan Mayen Islands', FALSE );
INSERT INTO Country(Abbreviation, Name, Concern_or_not) VALUES ('SZ', 'Swaziland', FALSE );
INSERT INTO Country(Abbreviation, Name, Concern_or_not) VALUES ('SE', 'Sweden', FALSE );
INSERT INTO Country(Abbreviation, Name, Concern_or_not) VALUES ('CH', 'Switzerland', FALSE );
INSERT INTO Country(Abbreviation, Name, Concern_or_not) VALUES ('SY', 'Syrian Arab Republic', FALSE );
INSERT INTO Country(Abbreviation, Name, Concern_or_not) VALUES ('TJ', 'Tajikistan', FALSE );
INSERT INTO Country(Abbreviation, Name, Concern_or_not) VALUES ('TZ', 'Tanzania, United Republic of', FALSE );
INSERT INTO Country(Abbreviation, Name, Concern_or_not) VALUES ('TH', 'Thailand', FALSE );
INSERT INTO Country(Abbreviation, Name, Concern_or_not) VALUES ('TG', 'Togo', FALSE );
INSERT INTO Country(Abbreviation, Name, Concern_or_not) VALUES ('TK', 'Tokelau', FALSE );
INSERT INTO Country(Abbreviation, Name, Concern_or_not) VALUES ('TO', 'Tonga', FALSE );
INSERT INTO Country(Abbreviation, Name, Concern_or_not) VALUES ('TT', 'Trinidad and Tobago', FALSE );
INSERT INTO Country(Abbreviation, Name, Concern_or_not) VALUES ('TN', 'Tunisia', FALSE );
INSERT INTO Country(Abbreviation, Name, Concern_or_not) VALUES ('TR', 'Turkey', FALSE );
INSERT INTO Country(Abbreviation, Name, Concern_or_not) VALUES ('TM', 'Turkmenistan', FALSE );
INSERT INTO Country(Abbreviation, Name, Concern_or_not) VALUES ('TC', 'Turks and Caicos Islands', FALSE );
INSERT INTO Country(Abbreviation, Name, Concern_or_not) VALUES ('TV', 'Tuvalu', FALSE );
INSERT INTO Country(Abbreviation, Name, Concern_or_not) VALUES ('UG', 'Uganda', FALSE );
INSERT INTO Country(Abbreviation, Name, Concern_or_not) VALUES ('UA', 'Ukraine', FALSE );
INSERT INTO Country(Abbreviation, Name, Concern_or_not) VALUES ('AE', 'United Arab Emirates', FALSE );
INSERT INTO Country(Abbreviation, Name, Concern_or_not) VALUES ('GB', 'United Kingdom', FALSE );
INSERT INTO Country(Abbreviation, Name, Concern_or_not) VALUES ('US', 'United States', FALSE );
INSERT INTO Country(Abbreviation, Name, Concern_or_not) VALUES ('UM', 'United States minor outlying islands', FALSE );
INSERT INTO Country(Abbreviation, Name, Concern_or_not) VALUES ('UY', 'Uruguay', FALSE );
INSERT INTO Country(Abbreviation, Name, Concern_or_not) VALUES ('UZ', 'Uzbekistan', FALSE );
INSERT INTO Country(Abbreviation, Name, Concern_or_not) VALUES ('VU', 'Vanuatu', FALSE );
INSERT INTO Country(Abbreviation, Name, Concern_or_not) VALUES ('VA', 'Vatican City State', FALSE );
INSERT INTO Country(Abbreviation, Name, Concern_or_not) VALUES ('VE', 'Venezuela', FALSE );
INSERT INTO Country(Abbreviation, Name, Concern_or_not) VALUES ('VN', 'Vietnam', FALSE );
INSERT INTO Country(Abbreviation, Name, Concern_or_not) VALUES ('VG', 'Virgin Islands (British)', FALSE );
INSERT INTO Country(Abbreviation, Name, Concern_or_not) VALUES ('VI', 'Virgin Islands (U.S.)', FALSE );
INSERT INTO Country(Abbreviation, Name, Concern_or_not) VALUES ('WF', 'Wallis and Futuna Islands', FALSE );
INSERT INTO Country(Abbreviation, Name, Concern_or_not) VALUES ('EH', 'Western Sahara', FALSE );
INSERT INTO Country(Abbreviation, Name, Concern_or_not) VALUES ('YE', 'Yemen', FALSE );
INSERT INTO Country(Abbreviation, Name, Concern_or_not) VALUES ('ZM', 'Zambia', FALSE );
INSERT INTO Country(Abbreviation, Name, Concern_or_not) VALUES ('ZW', 'Zimbabwe', FALSE );



INSERT INTO Cyber_Security_Questions (Questions_ID, Question) values ('1','Has the Company been accredited with the Cybersecurity Maturity Model Certification (CMMC)?');
INSERT INTO Cyber_Security_Questions (Questions_ID, Question) values ('1.a','If not, what standard does the Company use to ensure cybersecurity compliance or achieve compliance with requirements outlined in Federal Acquisition Regulation Part 52.204-21(b)?  ');
INSERT INTO Cyber_Security_Questions (Questions_ID, Question) values ('2','Has an independent third-party certification body, also known as third-party auditor, ever conducted an audit of your information systems and associated practices?');
INSERT INTO Cyber_Security_Questions (Questions_ID, Question) values ('3','Does your organization have a “System Security Plan?');
INSERT INTO Cyber_Security_Questions (Questions_ID, Question) values ('4','Does your security posture limit information system access to authorized users (including processes acting on behalf of authorized users, or devices)?');
INSERT INTO Cyber_Security_Questions (Questions_ID, Question) values ('5','Does your security posture limit information system access to the types of transactions and functions that authorized users are permitted to execute?');
INSERT INTO Cyber_Security_Questions (Questions_ID, Question) values ('6','Does your security posture verify and control/limit connections to and use of external information systems?');
INSERT INTO Cyber_Security_Questions (Questions_ID, Question) values ('7','Do you control information posted or processed on publicly accessible information systems?');
INSERT INTO Cyber_Security_Questions (Questions_ID, Question) values ('8','Do you identify information system users, processes acting on behalf of users, or devices (e.g. can processes be traced to the individual user)?');
INSERT INTO Cyber_Security_Questions (Questions_ID, Question) values ('9','Do you authenticate (or verify) the identities of those users, processes, or devices, as a prerequisite to allowing access to organizational information systems (e.g. username/password, multifactor authentication, etc.)?');
INSERT INTO Cyber_Security_Questions (Questions_ID, Question) values ('10','Do you sanitize or destroy information system media containing federal contract, proprietary, export controlled, or sensitive Information before disposal or release for reuse?');
INSERT INTO Cyber_Security_Questions (Questions_ID, Question) values ('11','Do you limit physical access to organizational information systems, equipment, and the respective operating environments to authorized individuals (e.g. physical security)?');
INSERT INTO Cyber_Security_Questions (Questions_ID, Question) values ('12','Does your security posture provide access to information systems or information systems facilities: escort visitors and monitor visitor activity; maintain audit logs of physical access; and control and manage physical access devices (e.g. a log for access to information systems or sensitive areas, such as data centers or computing facilities)?');
INSERT INTO Cyber_Security_Questions (Questions_ID, Question) values ('13','Do you ,monitor, control, and protect organizational communications at the external boundaries and key internal boundaries of the information systems (e.g. sensitive information transmitted across external boundaries).');
INSERT INTO Cyber_Security_Questions (Questions_ID, Question) values ('14','Did you implement subnetworks for publicly accessible system components that are physically or logically separated from internal networks (e.g. maintaining physical or logical separation between public-facing systems and internal assets).');
INSERT INTO Cyber_Security_Questions (Questions_ID, Question) values ('15','Do you identify, report, and correct information and information system flaws in a timely manner (e.g. addressing information system vulnerabilities in a timely manner).');
INSERT INTO Cyber_Security_Questions (Questions_ID, Question) values ('16','Does your security posture provide protection from malicious code at appropriate locations (e.g. antivirus or security software on devices where relevant).');
INSERT INTO Cyber_Security_Questions (Questions_ID, Question) values ('17','Do you update malicious code protection mechanisms when new releases are available (e.g. antivirus or security software definitions and updates to address risks).');
INSERT INTO Cyber_Security_Questions (Questions_ID, Question) values ('18','Do you perform periodic scans of the information system and real-time scans of files from external sources as files are downloaded, opened, or executed (e.g. ensuring protection from malicious attachments or downloads).');

INSERT INTO Sectors (Sector_Name)  values ('Biotechnology');
INSERT INTO Sectors (Sector_Name)  values ('Artificial intelligence (AI) and machine learning technology');
INSERT INTO Sectors (Sector_Name)  values ('Position, Navigation, and Timing (PNT) technology');
INSERT INTO Sectors (Sector_Name)  values ('Microprocessor technology');
INSERT INTO Sectors (Sector_Name)  values ('Advanced computing technology');
INSERT INTO Sectors (Sector_Name)  values ('Data analytics technology');
INSERT INTO Sectors (Sector_Name)  values ('Quantum information and sensing technology');
INSERT INTO Sectors (Sector_Name)  values ('Logistics technology');
INSERT INTO Sectors (Sector_Name)  values ('Additive manufacturing (e.g., 3D printing)');
INSERT INTO Sectors (Sector_Name)  values ('Robotics');
INSERT INTO Sectors (Sector_Name)  values ('Brain-computer interfaces');
INSERT INTO Sectors (Sector_Name)  values ('Hypersonics');
INSERT INTO Sectors (Sector_Name)  values ('Advanced Materials');
INSERT INTO Sectors (Sector_Name)  values ('Advanced surveillance technologies');

INSERT INTO Subsectors (Subsector_ID, Subsector_Name) values ('1.i','Nanobiology');
INSERT INTO Subsectors (Subsector_ID, Subsector_Name) values ('1.ii','Synthetic biology');
INSERT INTO Subsectors (Subsector_ID, Subsector_Name) values ('1.iv','Genomic and genetic engineering');
INSERT INTO Subsectors (Subsector_ID, Subsector_Name) values ('1.v','Neurotech');
INSERT INTO Subsectors (Subsector_ID, Subsector_Name) values ('2.i','Neural networks and deep learning (e.g., brain modelling, time series prediction, classification)');
INSERT INTO Subsectors (Subsector_ID, Subsector_Name) values ('2.ii','Evolution and genetic computation (e.g., genetic algorithms, genetic programming)');
INSERT INTO Subsectors (Subsector_ID, Subsector_Name) values ('2.iii','Reinforcement learning');
INSERT INTO Subsectors (Subsector_ID, Subsector_Name) values ('4.i','Systems-on-Chip INSERT INTO Subsectors (Subsector_ID, Subsector_Name) values (SoC)');
INSERT INTO Subsectors (Subsector_ID, Subsector_Name) values ('4.ii','Stacked Memory on Chip');
INSERT INTO Subsectors (Subsector_ID, Subsector_Name) values ('5.i','Memory-centric logic');
INSERT INTO Subsectors (Subsector_ID, Subsector_Name) values ('6.i','Visualization');
INSERT INTO Subsectors (Subsector_ID, Subsector_Name) values ('6.ii','Automated analysis algorithms');
INSERT INTO Subsectors (Subsector_ID, Subsector_Name) values ('6.iii','Context-aware computing');
INSERT INTO Subsectors (Subsector_ID, Subsector_Name) values ('7.i','Quantum computing');
INSERT INTO Subsectors (Subsector_ID, Subsector_Name) values ('7.ii','Quantum encryption');
INSERT INTO Subsectors (Subsector_ID, Subsector_Name) values ('7.iii','Quantum sensing');
INSERT INTO Subsectors (Subsector_ID, Subsector_Name) values ('8.i','Mobile electric power');
INSERT INTO Subsectors (Subsector_ID, Subsector_Name) values ('8.ii','Modeling and simulation');
INSERT INTO Subsectors (Subsector_ID, Subsector_Name) values ('8.iii','Total asset visibility');
INSERT INTO Subsectors (Subsector_ID, Subsector_Name) values ('8.iv','Distribution-based Logistics Systems (DBLS)');
INSERT INTO Subsectors (Subsector_ID, Subsector_Name) values ('10.i','Micro-drone and micro-robotic systems');
INSERT INTO Subsectors (Subsector_ID, Subsector_Name) values ('10.ii','Swarming technology');
INSERT INTO Subsectors (Subsector_ID, Subsector_Name) values ('10.iii','Self-assembling robots');
INSERT INTO Subsectors (Subsector_ID, Subsector_Name) values ('10.iv','Molecular robotics');
INSERT INTO Subsectors (Subsector_ID, Subsector_Name) values ('10.v','Robot compliers');
INSERT INTO Subsectors (Subsector_ID, Subsector_Name) values ('10.vi','Smart Dust');
INSERT INTO Subsectors (Subsector_ID, Subsector_Name) values ('11.i','Neural-controlled interfaces');
INSERT INTO Subsectors (Subsector_ID, Subsector_Name) values ('11.ii','Mind-machine interfaces');
INSERT INTO Subsectors (Subsector_ID, Subsector_Name) values ('11.iii','Direct neural interfaces');
INSERT INTO Subsectors (Subsector_ID, Subsector_Name) values ('11.iv','Brain-machine interfaces');
INSERT INTO Subsectors (Subsector_ID, Subsector_Name) values ('12.i','Flight control algorithms');
INSERT INTO Subsectors (Subsector_ID, Subsector_Name) values ('12.ii','Propulsion technologies');
INSERT INTO Subsectors (Subsector_ID, Subsector_Name) values ('12.iii','Thermal protection systems');
INSERT INTO Subsectors (Subsector_ID, Subsector_Name) values ('12.iv','Specialized materials (for structures, sensors, etc.)');
INSERT INTO Subsectors (Subsector_ID, Subsector_Name) values ('13.i','Adaptive camouflage');
INSERT INTO Subsectors (Subsector_ID, Subsector_Name) values ('13.ii','Functional textiles (e.g., advanced fiber and fabric technology)');
INSERT INTO Subsectors (Subsector_ID, Subsector_Name) values ('13.iii','Biomaterials');
INSERT INTO Subsectors (Subsector_ID, Subsector_Name) values ('14.i','Faceprint and voiceprint technologies');


insert into Application (Application_ID,First_Name,Last_Name,Phone_Number,Email,Company_Name,EIN_ID,Entity_type,Company_Description,Cert_Financials_ID ) values (1234, "John", "Stewart", 6462120229, "stewart@gmail.com", "Stewarts robos", 11234567, 6, "A Robotics company", 11 );
insert into Cyber_Security_Clearence  (Application_ID,Questions_ID, Answers) values (1234, 1, 'YES');
insert into Cyber_Security_Clearence  (Application_ID,Questions_ID, Answers) values (1234, 2, 'YES');
insert into Cyber_Security_Clearence  (Application_ID,Questions_ID, Answers) values (1234, 3, 'YES');
insert into Cyber_Security_Clearence  (Application_ID,Questions_ID, Answers) values (1234, 4, 'YES');
insert into Cyber_Security_Clearence  (Application_ID,Questions_ID, Answers) values (1234, 5, 'YES');
insert into Cyber_Security_Clearence  (Application_ID,Questions_ID, Answers) values (1234, 6, 'YES');
insert into Cyber_Security_Clearence  (Application_ID,Questions_ID, Answers) values (1234, 7, 'YES');
insert into Cyber_Security_Clearence  (Application_ID,Questions_ID, Answers) values (1234, 8, 'YES');
insert into Cyber_Security_Clearence  (Application_ID,Questions_ID, Answers) values (1234, 9, 'YES');
insert into Cyber_Security_Clearence  (Application_ID,Questions_ID, Answers) values (1234, 10, 'YES');
insert into Cyber_Security_Clearence  (Application_ID,Questions_ID, Answers) values (1234, 11, 'YES');
insert into Cyber_Security_Clearence  (Application_ID,Questions_ID, Answers) values (1234, 12, 'YES');
insert into Cyber_Security_Clearence  (Application_ID,Questions_ID, Answers) values (1234, 13, 'YES');
insert into Cyber_Security_Clearence  (Application_ID,Questions_ID, Answers) values (1234, 14, 'YES');
insert into Cyber_Security_Clearence  (Application_ID,Questions_ID, Answers) values (1234, 15, 'YES');
insert into Cyber_Security_Clearence  (Application_ID,Questions_ID, Answers) values (1234, 16, 'YES');
insert into Cyber_Security_Clearence  (Application_ID,Questions_ID, Answers) values (1234, 17, 'YES');
insert into Cyber_Security_Clearence  (Application_ID,Questions_ID, Answers) values (1234, 18, 'YES');
insert into Certifications_financials (Cert_Financials_ID, Tax_Records_7Years, Company_Felonies, Company_Clearence_DCSA, SF328_Certification, CMMC_Certificate, Application_ID) values (11, "YES", "NO", "Yes", "NO", "YES", 1234 );
insert into Company_information (EID_ID, Company_Name, Entity_Type, Company_Description, Contact_Phone, Contact_Email, Application_ID ) values (11234567, "Stewarts robos", 'Limited Liability Company', "A robotics company", 6462120229, "stewart@gmail.com", 1234);
insert into Company_sector (Sector_ID, Application_ID, PrimaryBool) values (10, 1234, TRUE);
insert into Customer (Customer_ID, First_Name, Last_Name) values (1, "Dan", "Justin"); 
insert into Foreign_associates (Fassociate_ID, Application_ID, First_Name, Last_Name, Country_ID) values (1, 1234, "jack", "johnson", 4);
insert into Foreign_associates (Fassociate_ID, Application_ID, First_Name, Last_Name, Country_ID) values (2, 1234, "Jimmy", "Jazz", 6);
insert into Investors (Investor_ID, First_Name,Last_Name,Country_ID ) values(1, "Jack", "johnson", 4) ;
insert into Investors (Investor_ID, First_Name,Last_Name,Country_ID ) values(2, "Jimmy", "Jazz", 6) ;
insert into Funding ( Application_ID, Investor_ID, Number_Shares,Capital_investment, Ownership, Country_ID) values ( 1234, 1, 1000, 2000, 25.0, 5);
insert into Funding ( Application_ID, Investor_ID, Number_Shares,Capital_investment, Ownership, Country_ID) values ( 1234, 1, 400, 500, 5.0, 6);
insert into Funding ( Application_ID, Investor_ID, Number_Shares,Capital_investment, Ownership, Country_ID) values ( 1234, 1, 1000, 100, 25.0, 112);
insert into Material (Material_ID, Country_ID, Material_Name) values (1, 4, "Titanium") ; 
insert into Imported_materials (Material_ID, Application_ID, Country_ID, Import_Percent, Material_Name) values (1, 1234, 4, 10.0, "Titanium") ;
insert into Naics_codes (Codes,Application_ID) values (115210,1234) ;
insert into Patents (Patent_ID, Application_ID, Patent_Name, Patent_Number, Country_ID) values (0000126, 1234, "Robo Arm", 1, 231);
insert into Revenue (Customer_ID, Application_ID, Country_ID, Annual_Revenue) values (1, 1234, 231, 100000);
insert into Address (Application_ID, Address, State_ID,ZIP_CODE) values(1234, 'One Apple Park Way', 6 ,95014);
insert into Company_subsector (Sector_ID, Subsector_ID, PrimaryBool2, Application_ID) values (10, '5.i', 1 ,1234);
insert into Negative_regulatory_actions (Action_ID, Application_ID, Case_Number) values(1, 1234, 001);


insert into Application (Application_ID,First_Name,Last_Name,Phone_Number,Email,Company_Name,EIN_ID,Entity_type,Company_Description,Cert_Financials_ID ) values (4321, "Harry", "Alonso", 2422121565, "Alonso@gmail.com", "Nano Tech inc", 76543211, 6, "A Nano Tech development company", 11 );
insert into Cyber_Security_Clearence  (Application_ID,Questions_ID, Answers) values (4321, 1, 'NO');
insert into Cyber_Security_Clearence  (Application_ID,Questions_ID, Answers) values (4321, 2, 'NO');
insert into Cyber_Security_Clearence  (Application_ID,Questions_ID, Answers) values (4321, 3, 'NO');
insert into Cyber_Security_Clearence  (Application_ID,Questions_ID, Answers) values (4321, 4, 'YES');
insert into Cyber_Security_Clearence  (Application_ID,Questions_ID, Answers) values (4321, 5, 'YES');
insert into Cyber_Security_Clearence  (Application_ID,Questions_ID, Answers) values (4321, 6, 'NO');
insert into Cyber_Security_Clearence  (Application_ID,Questions_ID, Answers) values (4321, 7, 'YES');
insert into Cyber_Security_Clearence  (Application_ID,Questions_ID, Answers) values (4321, 8, 'NO');
insert into Cyber_Security_Clearence  (Application_ID,Questions_ID, Answers) values (4321, 9, 'YES');
insert into Cyber_Security_Clearence  (Application_ID,Questions_ID, Answers) values (4321, 10, 'YES');
insert into Cyber_Security_Clearence  (Application_ID,Questions_ID, Answers) values (4321, 11, 'YES');
insert into Cyber_Security_Clearence  (Application_ID,Questions_ID, Answers) values (4321, 12, 'YES');
insert into Cyber_Security_Clearence  (Application_ID,Questions_ID, Answers) values (4321, 13, 'NO');
insert into Cyber_Security_Clearence  (Application_ID,Questions_ID, Answers) values (4321, 14, 'NO');
insert into Cyber_Security_Clearence  (Application_ID,Questions_ID, Answers) values (4321, 15, 'NO');
insert into Cyber_Security_Clearence  (Application_ID,Questions_ID, Answers) values (4321, 16, 'NO');
insert into Cyber_Security_Clearence  (Application_ID,Questions_ID, Answers) values (4321, 17, 'NO');
insert into Cyber_Security_Clearence  (Application_ID,Questions_ID, Answers) values (4321, 18, 'NO');
insert into Certifications_financials (Cert_Financials_ID, Tax_Records_7Years, Company_Felonies, Company_Clearence_DCSA, SF328_Certification, CMMC_Certificate, Application_ID) values (12, "NO", "YES", "Yes", "NO", "YES", 4321 );
insert into Company_information (EID_ID, Company_Name, Entity_Type, Company_Description, Contact_Phone, Contact_Email, Application_ID ) values (81234567, "Nano Tech inc", 'Limited Liability Company', "A Nano Tech development company", 2422121565, "Alonso@gmail.com", 4321);
insert into Company_sector (Sector_ID, Application_ID, PrimaryBool) values (10, 4321, TRUE);
insert into Customer (Customer_ID, First_Name, Last_Name) values (2, "Jake", "State"); 
insert into Foreign_associates (Fassociate_ID, Application_ID, First_Name, Last_Name, Country_ID) values (3, 4321, "Fredi", "Ramirez", 1);
insert into Foreign_associates (Fassociate_ID, Application_ID, First_Name, Last_Name, Country_ID) values (4, 4321, "Jane", "Doe", 50);
insert into Investors (Investor_ID, First_Name,Last_Name,Country_ID ) values(3, "Fredi", "Ramirez", 1) ;
insert into Investors (Investor_ID, First_Name,Last_Name,Country_ID ) values(4, "Jane", "Aoe", 6) ;
insert into Investors (Investor_ID, First_Name,Last_Name,Country_ID ) values(5, "Frad", "Ramirez", 2) ;
insert into Investors (Investor_ID, First_Name,Last_Name,Country_ID ) values(6, "Bane", "Coe", 12) ;
insert into Investors (Investor_ID, First_Name,Last_Name,Country_ID ) values(7, "Cedi", "Mirez", 59) ;
insert into Investors (Investor_ID, First_Name,Last_Name,Country_ID ) values(8, "Iopay", "Roe", 100) ;
insert into Funding ( Application_ID, Investor_ID, Number_Shares,Capital_investment, Ownership, Country_ID) values ( 4321, 2, 10000, 20000, 30.0, 112);
insert into Funding ( Application_ID, Investor_ID, Number_Shares,Capital_investment, Ownership, Country_ID) values ( 4321, 3, 4000, 5000, 6.0, 130);
insert into Funding ( Application_ID, Investor_ID, Number_Shares,Capital_investment, Ownership, Country_ID) values ( 4321, 4, 4000, 5000, 6.0, 130);
insert into Funding ( Application_ID, Investor_ID, Number_Shares,Capital_investment, Ownership, Country_ID) values ( 4321, 5, 4000, 5000, 6.0, 112);
insert into Funding ( Application_ID, Investor_ID, Number_Shares,Capital_investment, Ownership, Country_ID) values ( 4321, 6, 4000, 5000, 6.0, 132);
insert into Funding ( Application_ID, Investor_ID, Number_Shares,Capital_investment, Ownership, Country_ID) values ( 4321, 7, 4000, 5000, 6.0, 6);
insert into Funding ( Application_ID, Investor_ID, Number_Shares,Capital_investment, Ownership, Country_ID) values ( 4321, 8, 4000, 5000, 6.0, 7);
insert into Material (Material_ID, Country_ID, Material_Name) values (2, 1, "Iron") ; 
insert into Imported_materials (Material_ID, Application_ID, Country_ID, Import_Percent, Material_Name) values (1, 4321, 4, 10.0, "iron") ;
insert into Naics_codes (Codes,Application_ID) values (211130,4321) ;
insert into Patents (Patent_ID, Application_ID, Patent_Name, Patent_Number, Country_ID) values (0000127, 4321, "Nano Bot", 1, 231);
insert into Revenue (Customer_ID, Application_ID, Country_ID, Annual_Revenue) values (2, 4321, 231, 1000000);
insert into Address (Application_ID, Address, State_ID,ZIP_CODE) values(4321, ' 4 Pennsylvania Plaza', 37 ,10001);
insert into Company_subsector (Sector_ID, Subsector_ID, PrimaryBool2, Application_ID) values (10, '6.i', 1 ,4321);
insert into Negative_regulatory_actions (Action_ID, Application_ID, Case_Number) values(4, 4321, 101);


COMMIT;

SELECT * FROM Address;
SELECT * FROM Application;
SELECT * FROM Certifications_financials;
SELECT * FROM Company_information;
SELECT * FROM Company_sector;
SELECT * FROM Company_subsector;
SELECT * FROM Country;
SELECT * FROM Customer; 
SELECT * FROM Cyber_security_clearence;
SELECT * FROM Cyber_security_questions;
SELECT * FROM Foreign_associates;
SELECT * FROM Funding;
SELECT * FROM Imported_materials;
SELECT * FROM Investors;
SELECT * FROM Material; 
SELECT * FROM Naics_codes;
SELECT * FROM Negative_regulatory_actions;
SELECT * FROM Patents;
SELECT * FROM Revenue;
SELECT * FROM Sectors;
SELECT * FROM States;
SELECT * FROM Subsectors;
